id,first_name,last_name,email,country,followers
1,Bili,Jardin,bjardin0@vinaora.com,France,8401
2,Davidde,Hakey,dhakey1@illinois.edu,Portugal,917604
3,Birch,MacMearty,bmacmearty2@mac.com,France,679787
4,Nanice,Dunnett,ndunnett3@pinterest.com,Portugal,895141
5,Huntley,Rudland,hrudland4@joomla.org,Portugal,740859
6,Katheryn,Beche,kbeche5@reverbnation.com,Sweden,918660
7,Storm,Slavin,sslavin6@livejournal.com,Portugal,217211
8,Oneida,Loxston,oloxston7@friendfeed.com,France,70830
9,Nina,Ormiston,normiston8@sakura.ne.jp,Sweden,369048
10,Marjorie,Moors,mmoors9@woothemes.com,Sweden,656437
11,Kathye,Drache,kdrachea@shareasale.com,France,513034
12,Kim,Emeny,kemenyb@chronoengine.com,France,817435
13,Karia,Erratt,kerrattc@sphinn.com,Portugal,171762
14,Maisey,Galsworthy,mgalsworthyd@deliciousdays.com,France,210084
15,Francene,Massard,fmassarde@freewebs.com,France,684621
16,Elvis,Huitt,ehuittf@marketwatch.com,Belgium,957622
17,Didi,Letherbury,dletherburyg@illinois.edu,Portugal,592196
18,Robina,Peacher,rpeacherh@t-online.de,France,945378
19,Rose,Siddens,rsiddensi@hao123.com,Sweden,802028
20,Hamlin,Harly,hharlyj@livejournal.com,Sweden,453289
21,Jourdain,Hasell,jhasellk@redcross.org,Sweden,
22,Valeria,Iannuzzelli,viannuzzellil@biglobe.ne.jp,Spain,125681
23,Heida,Svanetti,hsvanettim@imgur.com,Sweden,617024
24,Daryl,Hollindale,dhollindalen@biblegateway.com,Portugal,224619
25,Horst,Liebermann,hliebermanno@amazonaws.com,France,32218
26,Sigismundo,Bilton,sbiltonp@so-net.ne.jp,Portugal,834550
27,Lezley,Simonsen,lsimonsenq@columbia.edu,Sweden,436153
28,Carina,Trolley,ctrolleyr@amazonaws.com,Portugal,90152
29,Lorinda,Mooreed,lmooreeds@va.gov,Portugal,21908
30,Tom,Pinshon,tpinshont@kickstarter.com,Sweden,851308
31,Krissy,Varian,kvarianu@google.cn,Portugal,619722
32,Shanda,Rosendorf,srosendorfv@edublogs.org,,149648
33,Scarlett,Young,syoungw@jimdo.com,France,290408
34,Maressa,Geroldini,mgeroldinix@plala.or.jp,Portugal,636643
35,Rodrigo,Berrey,rberreyy@alibaba.com,Portugal,
36,Tobit,Cammacke,tcammackez@woothemes.com,Portugal,612018
37,Suzanne,Willeman,swilleman10@cdbaby.com,Sweden,175940
38,Connie,Maudling,cmaudling11@issuu.com,Sweden,687611
39,Augusto,Norres,anorres12@taobao.com,France,86737
40,Mahmud,Ashcroft,mashcroft13@ucoz.com,France,357942
41,Margalo,Firpi,mfirpi14@cam.ac.uk,Portugal,368015
42,Dame,Hearthfield,dhearthfield15@timesonline.co.uk,United Kingdom,231535
43,Tate,Bettesworth,tbettesworth16@baidu.com,Portugal,835259
44,Anna,Camilleri,acamilleri17@reverbnation.com,,119948
45,Tonya,Leas,tleas18@accuweather.com,France,441963
46,Edyth,Mabbe,emabbe19@ft.com,Portugal,933413
47,Keary,Klejin,kklejin1a@pbs.org,Portugal,939210
48,Lydia,Mapis,lmapis1b@icio.us,France,204941
49,Andros,Maymand,amaymand1c@businessweek.com,Spain,652197
50,Valeria,OIlier,voilier1d@amazon.co.uk,Sweden,692478
51,Wendi,Cretney,wcretney1e@icq.com,Sweden,19588
52,Morse,Nutter,mnutter1f@dailymail.co.uk,Portugal,
53,Brynna,Stannion,bstannion1g@plala.or.jp,Portugal,965080
54,Daryn,O'Sharry,dosharry1h@clickbank.net,France,705787
55,Isobel,Kelsow,ikelsow1i@barnesandnoble.com,Sweden,378365
56,Clementia,Ussher,cussher1j@shutterfly.com,Portugal,922303
57,Bax,Golley,bgolley1k@amazonaws.com,France,545067
58,Barbabas,Dyer,bdyer1l@facebook.com,Portugal,188677
59,Gardy,Ivory,givory1m@chron.com,Sweden,520304
60,Kally,Pasticznyk,kpasticznyk1n@mozilla.org,Portugal,785484
61,Amalle,Giovannazzi,agiovannazzi1o@dot.gov,,
62,Cullie,Connechy,cconnechy1p@spotify.com,France,169682
63,Alix,Jurgenson,ajurgenson1q@posterous.com,France,979972
64,Valentina,Rose,vrose1r@comcast.net,Portugal,335054
65,Adham,MacAllister,amacallister1s@theguardian.com,Portugal,161135
66,Michal,Gurnell,mgurnell1t@webeden.co.uk,Portugal,684228
67,Alys,Leschelle,aleschelle1u@t-online.de,Portugal,770860
68,Lay,Yewdell,lyewdell1v@github.com,Sweden,992638
69,Hailey,Lilly,hlilly1w@cdc.gov,Germany,111001
70,Jackquelin,Vautier,jvautier1x@thetimes.co.uk,Portugal,229838
71,Talyah,Lichtfoth,tlichtfoth1y@nps.gov,France,891289
72,Durward,Willshire,dwillshire1z@yellowpages.com,Portugal,875842
73,Tildy,Critchell,tcritchell20@yolasite.com,France,968659
74,Eustace,Durward,edurward21@cyberchimps.com,Germany,502192
75,Huntley,Dudney,hdudney22@pen.io,France,95824
76,Rog,Cowdrey,rcowdrey23@census.gov,Sweden,
77,Sander,Stanton,sstanton24@twitter.com,Portugal,4269
78,Darsey,Newling,dnewling25@google.com.br,Sweden,565145
79,Zulema,Shallow,zshallow26@house.gov,France,105389
80,Adah,Teresi,ateresi27@yelp.com,France,346325
81,Alyce,Gillford,agillford28@com.com,,741751
82,Renie,Girardoni,rgirardoni29@about.com,Portugal,278294
83,Pen,MacKibbon,pmackibbon2a@w3.org,Sweden,244207
84,Dorey,Aberdeen,daberdeen2b@google.it,France,265714
85,Humfried,Lundie,hlundie2c@businessweek.com,Italy,575648
86,Lissa,Taborre,ltaborre2d@noaa.gov,Portugal,415643
87,Marshall,How to preserve,mhowtopreserve2e@prnewswire.com,Sweden,66700
88,Simone,Walesa,swalesa2f@4shared.com,France,693424
89,Arlina,Neno,aneno2g@ifeng.com,United Kingdom,668603
90,Lurlene,Cockroft,lcockroft2h@prlog.org,Sweden,998483
91,Mady,Butlin,mbutlin2i@netlog.com,Germany,579426
92,Osborne,Bowstead,obowstead2j@google.co.jp,Portugal,
93,Norah,Stanlick,nstanlick2k@123-reg.co.uk,Spain,98717
94,Mair,Bromet,mbromet2l@ft.com,France,445368
95,Cosme,Scutching,cscutching2m@google.it,Portugal,432076
96,Juliana,Lidstone,jlidstone2n@cargocollective.com,France,962765
97,Maureen,Simonds,msimonds2o@unesco.org,France,193650
98,Morgen,Janacek,mjanacek2p@sciencedaily.com,France,90070
99,Nariko,Bleasby,nbleasby2q@stanford.edu,France,276738
100,Virge,Spurret,vspurret2r@newyorker.com,France,343735
101,Gianni,Newiss,gnewiss2s@prnewswire.com,Portugal,519830
102,Ashleigh,Sheryne,asheryne2t@blogtalkradio.com,,432813
103,Faulkner,Van Velden,fvanvelden2u@nsw.gov.au,Sweden,767465
104,Ulla,Grute,ugrute2v@tinypic.com,Germany,838172
105,Connie,Bowdery,cbowdery2w@google.com.br,France,860765
106,Hobard,Tozer,htozer2x@comsenz.com,Sweden,445946
107,Barry,Springall,bspringall2y@last.fm,Sweden,966640
108,Benedetto,Beeres,bbeeres2z@gmpg.org,Sweden,576138
109,Jamesy,Pincked,jpincked30@msu.edu,Portugal,742885
110,Lishe,Gollin,lgollin31@ask.com,Portugal,
111,Haroun,Pickburn,hpickburn32@illinois.edu,Sweden,957528
112,Alberta,Cassam,acassam33@sourceforge.net,Portugal,536113
113,Rodolfo,Kenefick,rkenefick34@freewebs.com,France,414656
114,Emmye,Racher,eracher35@ameblo.jp,Portugal,91723
115,Faulkner,Wintersgill,fwintersgill36@icio.us,,432265
116,Antoni,De Ruggero,aderuggero37@flavors.me,Sweden,166149
117,Kynthia,Mallender,kmallender38@edublogs.org,Portugal,406964
118,Sherman,Staner,sstaner39@livejournal.com,France,598524
119,Hally,Dane,hdane3a@arizona.edu,Sweden,565534
120,Allard,Morena,amorena3b@spiegel.de,Sweden,312706
121,Tobe,Cannop,tcannop3c@flickr.com,Sweden,639273
122,Berta,Trodd,btrodd3d@merriam-webster.com,France,661413
123,Carlota,Mixon,cmixon3e@spotify.com,France,710930
124,Ashlen,Lantry,alantry3f@myspace.com,Sweden,786633
125,Keven,Lace,klace3g@msu.edu,United Kingdom,787563
126,Hyacintha,Dudley,hdudley3h@ustream.tv,Sweden,818410
127,Leticia,Dew,ldew3i@bigcartel.com,,
128,Mareah,Jennins,mjennins3j@typepad.com,Portugal,235396
129,Krystal,Winsiowiecki,kwinsiowiecki3k@godaddy.com,Portugal,306668
130,Bobbi,Zanutti,bzanutti3l@nationalgeographic.com,Sweden,
131,Rickey,OIlier,roilier3m@pcworld.com,France,306253
132,Gloria,Espinheira,gespinheira3n@harvard.edu,Sweden,489948
133,Burk,Tilford,btilford3o@time.com,Portugal,140546
134,Dael,Tew,dtew3p@dedecms.com,Portugal,61873
135,Amby,Mathison,amathison3q@patch.com,Portugal,729689
136,Carleton,Cadwaladr,ccadwaladr3r@elpais.com,Sweden,839456
137,Leora,Levensky,llevensky3s@bandcamp.com,Sweden,414738
138,Chiarra,Sandham,csandham3t@chron.com,France,
139,Augusta,Sharpous,asharpous3u@blogs.com,Sweden,535823
140,Edgar,Baulch,ebaulch3v@webeden.co.uk,Sweden,388510
141,Christiane,Filliskirk,cfilliskirk3w@edublogs.org,France,341948
142,Addie,Barradell,abarradell3x@biblegateway.com,Sweden,936565
143,Dukey,Schultes,dschultes3y@t.co,Sweden,303343
144,Brant,Deekes,bdeekes3z@google.co.jp,Portugal,784312
145,Basilio,Alvarado,balvarado40@sogou.com,Italy,198371
146,Corby,Inchbald,cinchbald41@ycombinator.com,Portugal,199148
147,Maryrose,Focke,mfocke42@princeton.edu,Sweden,934450
148,Martica,Smetoun,msmetoun43@washington.edu,Portugal,467771
149,Mylo,Denidge,mdenidge44@va.gov,Sweden,772756
150,Frederik,Reichelt,freichelt45@dailymotion.com,Portugal,248623
151,Marinna,Denham,mdenham46@desdev.cn,Portugal,592674
152,Geri,Gocher,ggocher47@microsoft.com,Sweden,741766
153,Fernanda,Lismore,flismore48@loc.gov,France,873186
154,Tibold,Puckey,tpuckey49@eventbrite.com,Germany,177817
155,Wilmar,Humfrey,whumfrey4a@arstechnica.com,Portugal,238413
156,Cobb,Showt,cshowt4b@zimbio.com,United Kingdom,517946
157,Fara,Lineker,flineker4c@discuz.net,Sweden,265284
158,Jackie,Keirl,jkeirl4d@mozilla.org,Portugal,768259
159,Eolande,Aiton,eaiton4e@networkadvertising.org,France,257697
160,Hartwell,Haggart,hhaggart4f@gravatar.com,Portugal,948411
161,Nisse,Metherell,nmetherell4g@cbc.ca,Portugal,
162,Mel,Yersin,myersin4h@miibeian.gov.cn,Sweden,939131
163,Essa,Skittreal,eskittreal4i@hibu.com,Portugal,116568
164,Jase,Andrioni,jandrioni4j@msn.com,France,586321
165,Shanan,Beggi,sbeggi4k@google.co.jp,Portugal,315199
166,Eleni,Colville,ecolville4l@discuz.net,Portugal,470200
167,Verge,Faill,vfaill4m@va.gov,Sweden,694138
168,Jerrylee,Richemont,jrichemont4n@google.com,France,470979
169,Chloris,Hackworth,chackworth4o@tripod.com,France,571244
170,Niall,Potebury,npotebury4p@google.co.jp,Portugal,376082
171,Thornie,Spensly,tspensly4q@tinyurl.com,France,262340
172,Carolus,Chaff,cchaff4r@cnet.com,Sweden,288335
173,Godfree,Jaquemar,gjaquemar4s@cpanel.net,Portugal,427765
174,Tobey,Gladden,tgladden4t@cornell.edu,Portugal,
175,Bartie,Shrimpling,bshrimpling4u@cloudflare.com,Sweden,49626
176,Clea,Findon,cfindon4v@bloglovin.com,Italy,847821
177,Claudius,Klyner,cklyner4w@wisc.edu,Portugal,184221
178,Suzanne,Wilkison,swilkison4x@marriott.com,Sweden,912180
179,Olive,Curman,ocurman4y@dyndns.org,France,227774
180,Corry,Jencken,cjencken4z@house.gov,Sweden,336140
181,Nikki,Hordell,nhordell50@cbslocal.com,France,286995
182,Ilyssa,Attawell,iattawell51@about.me,Portugal,417276
183,Waverly,Blooman,wblooman52@163.com,Portugal,145061
184,Brittany,McGibbon,bmcgibbon53@mysql.com,France,481859
185,Ardine,Macy,amacy54@yahoo.co.jp,Portugal,566666
186,Bethina,O'Bruen,bobruen55@springer.com,Portugal,424491
187,Maighdiln,Dionisii,mdionisii56@nhs.uk,Portugal,189567
188,Morgun,Hehnke,mhehnke57@networksolutions.com,Portugal,894520
189,Rhodia,Simmons,rsimmons58@nps.gov,France,368469
190,Clemmy,Tilling,ctilling59@theglobeandmail.com,Portugal,
191,Osborn,Stocking,ostocking5a@tiny.cc,France,750583
192,Carmelita,Druery,cdruery5b@ucoz.com,Germany,870761
193,Jesse,Steljes,jsteljes5c@wikimedia.org,Sweden,19102
194,Lacie,Beadles,lbeadles5d@ibm.com,Portugal,412115
195,Lanni,Ballinghall,lballinghall5e@alibaba.com,France,916081
196,Fanchette,Baskerville,fbaskerville5f@mediafire.com,Portugal,69384
197,Keefer,Loverock,kloverock5g@pcworld.com,Portugal,277940
198,Leroy,Itzkovsky,litzkovsky5h@newsvine.com,Sweden,17124
199,Lorelei,Acarson,lacarson5i@cnbc.com,France,985708
200,Arleta,Filler,afiller5j@mediafire.com,Sweden,227617
201,Shani,Clausson,sclausson5k@guardian.co.uk,Portugal,989762
202,Tad,Uzielli,tuzielli5l@blog.com,United Kingdom,
203,Glynn,Pringell,gpringell5m@seesaa.net,France,693129
204,Shirl,Ivatt,sivatt5n@naver.com,Portugal,339401
205,Koenraad,Dyos,kdyos5o@digg.com,Sweden,914155
206,Dunstan,Keynd,dkeynd5p@behance.net,Germany,620874
207,Annmaria,Sever,asever5q@mashable.com,Portugal,87890
208,Inger,Hinge,ihinge5r@cafepress.com,Sweden,825331
209,Jaymie,McLeman,jmcleman5s@list-manage.com,Portugal,
210,Robert,Hayller,rhayller5t@walmart.com,Portugal,336666
211,Janean,Blundan,jblundan5u@reuters.com,Portugal,329377
212,Ede,Ramlot,eramlot5v@nationalgeographic.com,France,740038
213,Ginger,Capaldi,gcapaldi5w@mayoclinic.com,Sweden,766039
214,Corilla,Allcroft,callcroft5x@usnews.com,Sweden,934310
215,Rodger,Dillamore,rdillamore5y@jiathis.com,Portugal,779073
216,Twila,Hotson,thotson5z@flickr.com,Germany,447307
217,Judi,Grimmolby,jgrimmolby60@diigo.com,Sweden,253326
218,Devlen,Broek,dbroek61@paypal.com,Portugal,600588
219,Tadeas,Bonnell,tbonnell62@wiley.com,Portugal,251600
220,Gladys,Ellsworthe,gellsworthe63@google.com.br,Portugal,120190
221,Mariska,Drage,mdrage64@desdev.cn,Belgium,352214
222,Freddi,Jamieson,fjamieson65@wikispaces.com,Portugal,569347
223,Alister,Robun,arobun66@hostgator.com,Portugal,737098
224,Georas,Wilkin,gwilkin67@vkontakte.ru,Sweden,125114
225,Raimondo,Jahn,rjahn68@salon.com,Portugal,
226,Catharine,Lenton,clenton69@drupal.org,France,395489
227,Keene,Blakeborough,kblakeborough6a@ow.ly,Portugal,339524
228,Nicoli,De Fries,ndefries6b@sciencedirect.com,Portugal,745993
229,Whittaker,Eburah,weburah6c@psu.edu,Portugal,162157
230,Gino,Custed,gcusted6d@umn.edu,Germany,747001
231,Mathe,Crangle,mcrangle6e@list-manage.com,France,513159
232,Catha,Wratten,cwratten6f@is.gd,Sweden,893966
233,Mariana,Demchen,mdemchen6g@topsy.com,Sweden,663395
234,Concordia,Carrol,ccarrol6h@google.com.br,France,987673
235,Gay,Lamprey,glamprey6i@taobao.com,Italy,649169
236,Ileane,Kirgan,ikirgan6j@dagondesign.com,France,815815
237,Crysta,Patters,cpatters6k@house.gov,Portugal,863456
238,Mylo,Hardison,mhardison6l@scribd.com,France,863118
239,Giselle,Bunny,gbunny6m@geocities.jp,France,956684
240,Graig,Fludder,gfludder6n@biblegateway.com,Portugal,783218
241,Nariko,Morffew,nmorffew6o@ocn.ne.jp,Portugal,6212
242,Josefa,Claiden,jclaiden6p@people.com.cn,Portugal,70047
243,Darsie,Abramamov,dabramamov6q@amazon.co.uk,Portugal,
244,Ida,Spinley,ispinley6r@webs.com,Portugal,982288
245,Roch,Southwood,rsouthwood6s@wikispaces.com,Sweden,519133
246,Norbert,Vanyard,nvanyard6t@freewebs.com,Sweden,868410
247,Evelin,Penhall,epenhall6u@altervista.org,Sweden,676642
248,Coralie,Godin,cgodin6v@comcast.net,Portugal,874329
249,Dominique,Mottram,dmottram6w@google.fr,Sweden,534843
250,Konrad,Vasilic,kvasilic6x@jalbum.net,France,811758
251,Matelda,Karlolak,mkarlolak6y@newsvine.com,Italy,728088
252,Coral,Haliburn,chaliburn6z@who.int,Sweden,447495
253,Lauretta,Bruckman,lbruckman70@senate.gov,France,
254,Kasper,Jacquot,kjacquot71@domainmarket.com,Portugal,289745
255,Didi,Castelow,dcastelow72@acquirethisname.com,Portugal,743315
256,Nydia,Hinnerk,nhinnerk73@hao123.com,France,989358
257,Ivory,Kulis,ikulis74@oracle.com,Portugal,971148
258,Julita,Digges,jdigges75@mlb.com,France,193364
259,Tome,Burriss,tburriss76@bizjournals.com,Sweden,430226
260,Quincey,Poor,qpoor77@booking.com,France,664090
261,Aubrey,de la Valette Parisot,adelavaletteparisot78@slideshare.net,Sweden,565050
262,Caterina,Sachno,csachno79@auda.org.au,Spain,
263,Sebastien,Lapworth,slapworth7a@mozilla.com,United Kingdom,34923
264,Sloane,McKean,smckean7b@discovery.com,Portugal,762392
265,Nev,McIleen,nmcileen7c@mysql.com,Portugal,742828
266,Ermengarde,Thecham,ethecham7d@nih.gov,France,965080
267,Angelina,Oldershaw,aoldershaw7e@addthis.com,France,712245
268,Francis,Humpatch,fhumpatch7f@google.com,France,785273
269,Violetta,McLaughlan,vmclaughlan7g@mapquest.com,France,608511
270,Stearn,Durno,sdurno7h@hatena.ne.jp,France,450345
271,Maxie,Kermath,mkermath7i@t.co,Sweden,18819
272,Quint,Weaving,qweaving7j@pagesperso-orange.fr,France,909864
273,Bonni,Python,bpython7k@hud.gov,Portugal,232117
274,Anallese,St. John,astjohn7l@twitter.com,Sweden,202499
275,Briggs,Caris,bcaris7m@guardian.co.uk,Portugal,843605
276,Christy,Kleinplac,ckleinplac7n@theatlantic.com,France,141659
277,Beryl,Capoun,bcapoun7o@slate.com,Portugal,549144
278,Rosetta,Cremen,rcremen7p@pcworld.com,France,842295
279,Koressa,Abbatucci,kabbatucci7q@lycos.com,Portugal,205495
280,Lizzy,Scopham,lscopham7r@usda.gov,France,
281,Abbe,Floweth,afloweth7s@mozilla.com,Spain,611433
282,Renault,Wernher,rwernher7t@tiny.cc,France,132974
283,Eb,Marshfield,emarshfield7u@etsy.com,France,4254
284,Stevana,Aspinal,saspinal7v@uiuc.edu,Portugal,37288
285,Joan,Forcer,jforcer7w@yahoo.co.jp,Spain,157261
286,Calli,Rowthorn,crowthorn7x@skype.com,Sweden,97438
287,Robinet,Moses,rmoses7y@cloudflare.com,France,651509
288,Lisha,Allitt,lallitt7z@yale.edu,Portugal,379217
289,Bryant,Sprules,bsprules80@archive.org,Sweden,636182
290,Hiram,Faulconer,hfaulconer81@google.ca,France,884928
291,Ravi,Mulholland,rmulholland82@wiley.com,France,734148
292,Christean,de Almeida,cdealmeida83@typepad.com,Sweden,556790
293,Carlynn,Simukov,csimukov84@twitpic.com,Germany,574246
294,Dunstan,Clarycott,dclarycott85@alexa.com,Portugal,960521
295,Constanta,Lake,clake86@cafepress.com,Portugal,82086
296,Farleigh,Restall,frestall87@purevolume.com,Sweden,40112
297,Olin,Anetts,oanetts88@nih.gov,Sweden,227855
298,Iggy,Bourget,ibourget89@go.com,Sweden,110636
299,Desiri,Kettlesting,dkettlesting8a@cnet.com,France,255446
300,Briny,Mateuszczyk,bmateuszczyk8b@histats.com,France,946092
301,Christine,McChesney,cmcchesney8c@cmu.edu,Sweden,320950
302,Chrystel,Grogan,cgrogan8d@berkeley.edu,Sweden,836875
303,Dick,Zarfati,dzarfati8e@histats.com,France,382211
304,Lock,Daingerfield,ldaingerfield8f@ebay.com,Sweden,988068
305,Rochell,Cud,rcud8g@privacy.gov.au,United Kingdom,522050
306,Kary,Featherstone,kfeatherstone8h@eventbrite.com,France,379573
307,Ynes,Woodage,ywoodage8i@cnbc.com,Sweden,388667
308,Lynn,Tegeller,ltegeller8j@reverbnation.com,Sweden,313598
309,Kerstin,Rohlfing,krohlfing8k@theglobeandmail.com,France,498045
310,Adena,Smellie,asmellie8l@pinterest.com,France,181284
311,Mira,Fancutt,mfancutt8m@hugedomains.com,Sweden,905035
312,Man,Lauridsen,mlauridsen8n@icq.com,Spain,851512
313,Marin,McKee,mmckee8o@blogger.com,Portugal,464863
314,Barbabra,Gormally,bgormally8p@ucoz.ru,Sweden,782139
315,Bell,Diack,bdiack8q@nbcnews.com,France,190381
316,Zonnya,Nellis,znellis8r@answers.com,France,15746
317,Jobie,Mosco,jmosco8s@ehow.com,Portugal,582488
318,Adriane,Crone,acrone8t@nytimes.com,Portugal,372372
319,Christi,Longcake,clongcake8u@so-net.ne.jp,Italy,318306
320,Harrison,Wraight,hwraight8v@clickbank.net,Portugal,423638
321,Blakelee,Dalliston,bdalliston8w@nih.gov,France,498393
322,Gabriel,Arman,garman8x@rediff.com,Portugal,109007
323,Jacky,Taberner,jtaberner8y@deliciousdays.com,Portugal,558279
324,Delcina,Halhead,dhalhead8z@google.com.br,United Kingdom,140790
325,Eulalie,Easthope,eeasthope90@cam.ac.uk,France,159545
326,Nari,Gerran,ngerran91@163.com,France,896048
327,Aryn,Stannard,astannard92@ebay.com,France,
328,Andrus,Feavyour,afeavyour93@baidu.com,Sweden,816966
329,Julianne,Cornejo,jcornejo94@mashable.com,Portugal,154121
330,Nicol,Pingston,npingston95@google.co.uk,Sweden,92614
331,Dewey,Glenister,dglenister96@google.es,United Kingdom,380529
332,Wood,Balharrie,wbalharrie97@google.nl,Portugal,122066
333,Timmie,Boddy,tboddy98@ifeng.com,France,728978
334,Jae,Eustanch,jeustanch99@hexun.com,Portugal,177023
335,Mommy,Duley,mduley9a@prnewswire.com,Portugal,225528
336,Chev,Dresche,cdresche9b@amazon.co.jp,Sweden,83996
337,Melly,Jarmyn,mjarmyn9c@house.gov,Portugal,
338,Bartram,Backshill,bbackshill9d@boston.com,France,693654
339,Karalynn,Goodsall,kgoodsall9e@cloudflare.com,France,558028
340,Katinka,Mechell,kmechell9f@oakley.com,France,151792
341,Ursuline,Watford,uwatford9g@a8.net,France,149569
342,Flynn,Idale,fidale9h@nasa.gov,Portugal,841741
343,Ebony,Winspire,ewinspire9i@surveymonkey.com,Sweden,865083
344,Nataniel,Zannolli,nzannolli9j@newyorker.com,Portugal,921815
345,Romeo,Spuner,rspuner9k@cnet.com,Sweden,822781
346,Kit,Dunderdale,kdunderdale9l@imgur.com,France,
347,Roderich,Butting,rbutting9m@imdb.com,Belgium,528383
348,Rafa,Whysall,rwhysall9n@youtube.com,Germany,562715
349,Tristan,Loyd,tloyd9o@live.com,Sweden,521819
350,Nelle,Lucken,nlucken9p@sina.com.cn,Sweden,16455
351,Rinaldo,Revie,rrevie9q@discuz.net,Sweden,547496
352,Hashim,Palfrey,hpalfrey9r@chronoengine.com,Portugal,445426
353,Lezlie,Simms,lsimms9s@webmd.com,Portugal,313538
354,Teresa,Billing,tbilling9t@wunderground.com,Germany,822283
355,Randee,Sayle,rsayle9u@ucoz.com,Portugal,389139
356,Jarvis,Dunphie,jdunphie9v@quantcast.com,France,
357,Barnabe,Kike,bkike9w@smugmug.com,Portugal,655175
358,Arley,Cobley,acobley9x@wordpress.org,Portugal,517759
359,Kerri,Whanstall,kwhanstall9y@cbc.ca,Portugal,143551
360,Perren,Lemmer,plemmer9z@soundcloud.com,Portugal,510259
361,Odele,Behninck,obehnincka0@sakura.ne.jp,Portugal,513425
362,Hal,Torbard,htorbarda1@army.mil,Portugal,123125
363,Francisca,Gianasi,fgianasia2@ihg.com,Portugal,321679
364,Martynne,Spikeings,mspikeingsa3@businesswire.com,Italy,277722
365,Odie,Gocke,ogockea4@wiley.com,Sweden,868067
366,Raffarty,Bartolini,rbartolinia5@icio.us,Sweden,845712
367,Bethina,Mableson,bmablesona6@tmall.com,Portugal,176621
368,Andrus,Loins,aloinsa7@oaic.gov.au,France,689942
369,Cyril,Steutly,csteutlya8@omniture.com,Sweden,18636
370,Car,Critchard,ccritcharda9@economist.com,France,285491
371,Mellisa,Davoren,mdavorenaa@dyndns.org,Portugal,295502
372,Wittie,Matias,wmatiasab@ehow.com,Portugal,690134
373,Jackie,Wasbrough,jwasbroughac@mayoclinic.com,Portugal,830248
374,Wait,Agostini,wagostiniad@state.gov,Sweden,396514
375,Arlee,Osband,aosbandae@shop-pro.jp,France,604137
376,Celinda,Greenhill,cgreenhillaf@addtoany.com,Portugal,284780
377,Cori,Cowherd,ccowherdag@businesswire.com,Sweden,550251
378,Connie,Beckenham,cbeckenhamah@aboutads.info,Portugal,719355
379,Rufus,Haruard,rharuardai@wufoo.com,Portugal,901314
380,Phillis,Maw,pmawaj@biglobe.ne.jp,France,642796
381,Roseline,Wherry,rwherryak@shop-pro.jp,Portugal,975633
382,Sigismondo,Hollingby,shollingbyal@4shared.com,France,236606
383,Ansel,Seeviour,aseeviouram@skyrock.com,France,139214
384,Hedy,Charity,hcharityan@prlog.org,Sweden,745789
385,Caroline,Peacock,cpeacockao@nymag.com,Sweden,46789
386,Karlens,Niemetz,kniemetzap@ebay.com,Sweden,385539
387,Barnabe,Bebbell,bbebbellaq@scientificamerican.com,Sweden,274940
388,Meryl,Doswell,mdoswellar@comsenz.com,Sweden,798829
389,Devonne,Starten,dstartenas@twitpic.com,Sweden,342950
390,Enid,Ranald,eranaldat@skyrock.com,Sweden,
391,Kimmi,Mongenot,kmongenotau@dedecms.com,Sweden,349555
392,Brannon,Whitland,bwhitlandav@plala.or.jp,Sweden,6898
393,Babbette,McGowing,bmcgowingaw@ucoz.com,Portugal,595026
394,Erny,Waldren,ewaldrenax@google.com.br,Portugal,55555
395,Dyna,Probat,dprobatay@shutterfly.com,Sweden,197793
396,Dagmar,Guillotin,dguillotinaz@toplist.cz,France,279443
397,Babette,Goodier,bgoodierb0@wunderground.com,Portugal,12790
398,Sayre,Gietz,sgietzb1@scribd.com,Spain,877164
399,Gusti,Gulberg,ggulbergb2@yandex.ru,France,
400,Celestia,Mousby,cmousbyb3@go.com,France,633258
401,Gavrielle,Keneford,gkenefordb4@cdbaby.com,Spain,227332
402,Janna,Corrie,jcorrieb5@nba.com,Portugal,983619
403,Etti,Louw,elouwb6@fema.gov,Sweden,372567
404,Mimi,Barthelet,mbartheletb7@samsung.com,France,822685
405,Penny,Strahan,pstrahanb8@diigo.com,Spain,671318
406,Oralie,Chezier,ochezierb9@mit.edu,Sweden,
407,Rutherford,Humphries,rhumphriesba@behance.net,Portugal,848202
408,Kalie,Stolze,kstolzebb@people.com.cn,Sweden,687136
409,Fowler,Eakley,feakleybc@ask.com,Sweden,686800
410,Carin,Mustoo,cmustoobd@jugem.jp,Sweden,466109
411,Lamont,Gribben,lgribbenbe@forbes.com,Sweden,128351
412,Kasper,Teliga,kteligabf@edublogs.org,France,52576
413,Alma,Human,ahumanbg@google.ca,Sweden,623025
414,Esdras,Wisker,ewiskerbh@omniture.com,Portugal,332461
415,Guendolen,Kunrad,gkunradbi@storify.com,Sweden,367796
416,Eddy,Metheringham,emetheringhambj@answers.com,France,407929
417,Arabelle,Mateu,amateubk@who.int,France,181481
418,Julieta,Peers,jpeersbl@google.es,Portugal,
419,Lewiss,Farish,lfarishbm@nasa.gov,Sweden,315494
420,Zitella,Woolland,zwoollandbn@nsw.gov.au,France,190228
421,Stillman,Britt,sbrittbo@artisteer.com,France,788854
422,Meghan,Jay,mjaybp@economist.com,Portugal,261809
423,Winn,Picken,wpickenbq@google.co.jp,Sweden,575868
424,Gerrie,Milstead,gmilsteadbr@zdnet.com,Portugal,850219
425,Shandee,Antonsson,santonssonbs@go.com,France,485727
426,Janela,Meddemmen,jmeddemmenbt@google.com,Sweden,70481
427,Keeley,Quillinane,kquillinanebu@yelp.com,France,153966
428,Pepillo,Schober,pschoberbv@spotify.com,Sweden,220323
429,Baryram,Redmile,bredmilebw@addtoany.com,Portugal,154165
430,Chloris,Benbough,cbenboughbx@goo.gl,France,570082
431,Dara,Carreck,dcarreckby@t.co,France,800938
432,Tawsha,Smitham,tsmithambz@4shared.com,Portugal,78664
433,Sammy,Flack,sflackc0@reuters.com,France,451385
434,Brose,Busson,bbussonc1@cbslocal.com,Portugal,964441
435,Katee,Cristofari,kcristofaric2@tamu.edu,Portugal,236477
436,Susi,Aronoff,saronoffc3@guardian.co.uk,Sweden,407440
437,Irina,Perkis,iperkisc4@is.gd,Sweden,349077
438,Foster,Peschke,fpeschkec5@qq.com,Spain,617177
439,Adena,Crush,acrushc6@disqus.com,Portugal,880805
440,Kalie,Mc Ilory,kmciloryc7@com.com,France,297559
441,Katy,Corder,kcorderc8@youtube.com,Sweden,771070
442,Niccolo,Goldie,ngoldiec9@wiley.com,France,249433
443,Brodie,Groome,bgroomeca@msn.com,Sweden,272116
444,Clarie,Riach,criachcb@purevolume.com,Portugal,967343
445,Tybalt,Dwane,tdwanecc@github.io,France,787513
446,Tades,Penketh,tpenkethcd@sitemeter.com,Sweden,114394
447,Danette,Junifer,djuniferce@blogs.com,Portugal,
448,Lulita,Sammut,lsammutcf@webnode.com,Portugal,836610
449,Kacey,Wonfor,kwonforcg@yandex.ru,Germany,577022
450,Adam,Loosley,aloosleych@deviantart.com,Portugal,34971
451,Doroteya,Leindecker,dleindeckerci@blog.com,France,76483
452,Brocky,Whitlock,bwhitlockcj@abc.net.au,Portugal,156617
453,Nani,Mitchenson,nmitchensonck@prweb.com,Portugal,894282
454,Adelaida,Shalloe,ashalloecl@blinklist.com,Portugal,57552
455,Sigismond,Forgie,sforgiecm@jugem.jp,Sweden,455806
456,Elisha,Raft,eraftcn@list-manage.com,France,730780
457,Tildy,Ferne,tferneco@myspace.com,Sweden,168045
458,Karena,Gooderridge,kgooderridgecp@plala.or.jp,Portugal,945567
459,Fredric,Appleyard,fappleyardcq@epa.gov,Portugal,976012
460,Rica,Malam,rmalamcr@bandcamp.com,Sweden,268656
461,Gabrielle,Huguenet,ghuguenetcs@bravesites.com,Portugal,487442
462,Dulci,Hylton,dhyltonct@boston.com,Spain,187309
463,Mora,Spottswood,mspottswoodcu@cloudflare.com,Portugal,12864
464,Wolf,Harriagn,wharriagncv@cbc.ca,Portugal,455498
465,Etty,Poytheras,epoytherascw@globo.com,France,634763
466,Jessalyn,Matschuk,jmatschukcx@gizmodo.com,France,882214
467,Clemmie,Lehrmann,clehrmanncy@ow.ly,Sweden,519647
468,Rebecca,Biddleston,rbiddlestoncz@cnet.com,Portugal,128239
469,Thia,Trenam,ttrenamd0@goo.ne.jp,Portugal,
470,Bernelle,Sansome,bsansomed1@archive.org,Portugal,340541
471,Diann,Shrimpling,dshrimplingd2@desdev.cn,United Kingdom,126541
472,Leonerd,Heaps,lheapsd3@earthlink.net,Portugal,870534
473,Serena,Tuvey,stuveyd4@si.edu,Sweden,238799
474,Carlo,McKoy,cmckoyd5@sina.com.cn,Sweden,148433
475,Angy,Hammon,ahammond6@cornell.edu,France,2171
476,Guido,Sherel,gshereld7@weather.com,Sweden,605166
477,Briny,Pancoust,bpancoustd8@ibm.com,Portugal,147358
478,Tabitha,Pettus,tpettusd9@seattletimes.com,France,226136
479,Hodge,McElrath,hmcelrathda@si.edu,Portugal,608676
480,Rozella,Lowin,rlowindb@blog.com,Sweden,551273
481,Stacie,Klauer,sklauerdc@github.com,Italy,941412
482,Mead,Soutar,msoutardd@surveymonkey.com,Sweden,285907
483,Elbertina,Solon,esolonde@vistaprint.com,Portugal,186062
484,Jordan,Houndsom,jhoundsomdf@so-net.ne.jp,Belgium,445191
485,Genovera,Skupinski,gskupinskidg@usda.gov,France,683249
486,Roy,Freiberg,rfreibergdh@over-blog.com,Sweden,674156
487,Myranda,Royce,mroycedi@domainmarket.com,France,446698
488,Dayle,Guidetti,dguidettidj@constantcontact.com,Sweden,367486
489,Carmelle,Gheeraert,cgheeraertdk@blogspot.com,Sweden,973822
490,Josefa,Arnolds,jarnoldsdl@squidoo.com,Belgium,279017
491,Donelle,Cominoli,dcominolidm@spiegel.de,Portugal,824524
492,Sacha,Mercik,smercikdn@google.ca,Portugal,949990
493,Ingeborg,O'Finan,iofinando@cornell.edu,France,615523
494,Rycca,Sharp,rsharpdp@berkeley.edu,France,677382
495,Mavra,Paradyce,mparadycedq@tripod.com,Portugal,964021
496,Tully,Korda,tkordadr@etsy.com,Portugal,747137
497,Cacilia,Bertwistle,cbertwistleds@discovery.com,Portugal,217779
498,Merralee,Gobbett,mgobbettdt@webeden.co.uk,Germany,489563
499,Saleem,Sebrens,ssebrensdu@parallels.com,Sweden,380971
500,Antonia,Bragg,abraggdv@comcast.net,Italy,836634
501,Stacy,Heaton,sheatondw@hatena.ne.jp,France,122624
502,Urbano,Perrinchief,uperrinchiefdx@free.fr,Germany,733767
503,Tabby,Corpes,tcorpesdy@ucsd.edu,France,276307
504,Aeriel,Clive,aclivedz@qq.com,Sweden,129448
505,Violet,Patching,vpatchinge0@technorati.com,Sweden,260216
506,Keefer,Avramchik,kavramchike1@usgs.gov,Portugal,847554
507,Colline,MacHarg,cmacharge2@shutterfly.com,Portugal,624228
508,Aurelia,Guion,aguione3@dailymail.co.uk,Sweden,236930
509,Cello,Wilsee,cwilseee4@prlog.org,France,350935
510,Mair,Dowle,mdowlee5@yahoo.com,Portugal,272922
511,Irene,Longthorn,ilongthorne6@yandex.ru,Italy,
512,Philippe,Fennell,pfennelle7@netscape.com,Portugal,932047
513,Antonino,Sexcey,asexceye8@umn.edu,Sweden,134693
514,Calypso,Shillitoe,cshillitoee9@youtube.com,Sweden,724023
515,Heinrick,Ellinor,hellinorea@ibm.com,Sweden,743003
516,Amie,Spight,aspighteb@cnet.com,Portugal,212479
517,Rosabelle,Reneke,rrenekeec@xing.com,Sweden,139964
518,Mathew,Cumber,mcumbered@github.com,Sweden,668457
519,Cesar,Riccio,criccioee@arstechnica.com,Portugal,784451
520,Elvis,Coopey,ecoopeyef@ox.ac.uk,Portugal,720495
521,Harper,Popeley,hpopeleyeg@java.com,Portugal,997541
522,Spenser,Mingard,smingardeh@smh.com.au,Sweden,479317
523,Farr,Piaggia,fpiaggiaei@disqus.com,France,227055
524,Hewitt,Gasken,hgaskenej@timesonline.co.uk,Portugal,68656
525,Elwin,Macek,emacekek@kickstarter.com,Germany,593320
526,Lammond,Moylane,lmoylaneel@house.gov,Sweden,667677
527,Jeramey,McMechan,jmcmechanem@state.gov,Portugal,941481
528,Edouard,Perkin,eperkinen@discuz.net,Sweden,70141
529,Northrup,Shippard,nshippardeo@hud.gov,Portugal,146137
530,Diane-marie,Darlasson,ddarlassonep@fema.gov,Portugal,227958
531,Garrik,Grimmer,ggrimmereq@quantcast.com,Sweden,441947
532,Elmore,Lillegard,elillegarder@discovery.com,Portugal,14052
533,Melvyn,Loughney,mloughneyes@wikia.com,Portugal,945517
534,Reidar,Braffington,rbraffingtonet@salon.com,Sweden,117715
535,Saree,Dart,sdarteu@usda.gov,France,737561
536,Haydon,Coverlyn,hcoverlynev@1688.com,Sweden,153335
537,Concettina,Witter,cwitterew@about.com,Germany,941376
538,Shaine,Vecard,svecardex@blogtalkradio.com,France,327871
539,Merl,Gobel,mgobeley@etsy.com,Sweden,972322
540,Florence,Vannar,fvannarez@fc2.com,Portugal,985310
541,Arluene,Skells,askellsf0@jigsy.com,Spain,447029
542,Rebecka,Burr,rburrf1@etsy.com,Germany,579827
543,Sheila,Trynor,strynorf2@go.com,Portugal,846163
544,Joline,Franzman,jfranzmanf3@360.cn,France,15854
545,Charmane,Miell,cmiellf4@wikimedia.org,Sweden,426056
546,Sid,Cathee,scatheef5@xing.com,Sweden,402853
547,Barbra,Goggin,bgogginf6@hp.com,France,
548,Jone,Crumpton,jcrumptonf7@arizona.edu,Portugal,
549,Thalia,Cubbit,tcubbitf8@amazon.com,Sweden,65312
550,Penelope,Giacometti,pgiacomettif9@oakley.com,Spain,470510
551,Fabiano,Scadding,fscaddingfa@cpanel.net,Portugal,762895
552,Missy,Simmgen,msimmgenfb@businessinsider.com,France,775340
553,Lexi,Whetnall,lwhetnallfc@nhs.uk,Sweden,674194
554,Carlita,Cowley,ccowleyfd@ustream.tv,Germany,716708
555,Alley,Pavese,apavesefe@mail.ru,France,445864
556,Corrie,Dawltrey,cdawltreyff@blogs.com,France,622660
557,Earl,Fullard,efullardfg@wp.com,France,458211
558,Carleton,Poppy,cpoppyfh@yahoo.com,Sweden,15022
559,Benyamin,Million,bmillionfi@jimdo.com,France,209454
560,Nicolis,Kayser,nkayserfj@netvibes.com,Portugal,440278
561,Valentino,Tie,vtiefk@amazonaws.com,France,579984
562,Hilary,Spearman,hspearmanfl@bluehost.com,Portugal,541924
563,Cullen,Dunston,cdunstonfm@delicious.com,Portugal,473610
564,Rhianna,Farnham,rfarnhamfn@springer.com,Sweden,870256
565,Kelcey,Qusklay,kqusklayfo@lycos.com,Portugal,704117
566,Edithe,Paterno,epaternofp@shop-pro.jp,Portugal,982316
567,Shane,Morfell,smorfellfq@buzzfeed.com,Portugal,994346
568,Hewet,Fiddian,hfiddianfr@nasa.gov,Portugal,823619
569,Ula,Lindhe,ulindhefs@paginegialle.it,Portugal,656177
570,Drusie,Semmens,dsemmensft@cargocollective.com,Portugal,482813
571,Cloe,Kalvin,ckalvinfu@de.vu,Portugal,234410
572,Welsh,Clulow,wclulowfv@delicious.com,Portugal,546699
573,Pansie,Sainz,psainzfw@ibm.com,France,465240
574,Lou,Prendergrass,lprendergrassfx@answers.com,Spain,44122
575,Reed,Jerzyk,rjerzykfy@aol.com,Sweden,815718
576,Darrin,Fehely,dfehelyfz@example.com,Portugal,665007
577,Gavrielle,Lorek,glorekg0@mysql.com,France,414648
578,Marcos,Lewsey,mlewseyg1@java.com,Sweden,117335
579,Toddie,Runcieman,trunciemang2@epa.gov,Portugal,818578
580,Bren,Potten,bpotteng3@newyorker.com,France,339487
581,Curt,Godden,cgoddeng4@angelfire.com,Portugal,329610
582,Phil,Balfre,pbalfreg5@paypal.com,France,990350
583,Sharyl,Byfford,sbyffordg6@timesonline.co.uk,France,86669
584,Saunder,Thiese,sthieseg7@yandex.ru,United Kingdom,253786
585,Bing,Itzhaki,bitzhakig8@stumbleupon.com,Portugal,326513
586,Ania,Sitlington,asitlingtong9@cnn.com,France,263861
587,Loren,Ivimy,livimyga@theguardian.com,Portugal,314396
588,Glyn,Bisiker,gbisikergb@de.vu,Spain,239099
589,Diarmid,Trainer,dtrainergc@google.ca,Portugal,753443
590,Flory,Spira,fspiragd@people.com.cn,Portugal,986186
591,Cris,Pinchon,cpinchonge@discovery.com,Portugal,108852
592,Bo,Jillings,bjillingsgf@yahoo.com,Sweden,677182
593,Delainey,Graben,dgrabengg@google.nl,France,89637
594,Evelyn,Paik,epaikgh@weather.com,Portugal,378493
595,Reggy,Depke,rdepkegi@discuz.net,Sweden,165167
596,Korella,De Ruel,kderuelgj@mozilla.org,France,550136
597,Gian,Renihan,grenihangk@shop-pro.jp,Sweden,277995
598,Rory,Bye,rbyegl@sbwire.com,France,831902
599,Waldo,Ebbitt,webbittgm@xinhuanet.com,Portugal,586528
600,Saloma,Quince,squincegn@unicef.org,France,
601,Michelina,Boulder,mbouldergo@opera.com,France,861295
602,Brandise,Spira,bspiragp@mashable.com,France,16056
603,Sloan,Chainey,schaineygq@lycos.com,France,11537
604,Lynsey,Zimmer,lzimmergr@histats.com,Portugal,41151
605,Tiebold,Greenshields,tgreenshieldsgs@earthlink.net,France,15189
606,Darwin,Stichall,dstichallgt@storify.com,Portugal,289221
607,Bethena,Fahy,bfahygu@senate.gov,Portugal,303449
608,Xaviera,Pallas,xpallasgv@patch.com,France,862434
609,Rustie,Itzakovitz,ritzakovitzgw@jimdo.com,France,239775
610,Iorgo,Esselin,iesselingx@nyu.edu,Portugal,984442
611,Ewart,O Sullivan,eosullivangy@illinois.edu,Sweden,621776
612,Natale,Harriday,nharridaygz@t.co,Sweden,3322
613,Othelia,Lissenden,olissendenh0@bloglines.com,France,
614,Eli,Lasham,elashamh1@army.mil,Portugal,789366
615,Donna,Kencott,dkencotth2@toplist.cz,Germany,65873
616,Wadsworth,Woolens,wwoolensh3@goodreads.com,Portugal,467210
617,Atlante,Kiddell,akiddellh4@google.com,Sweden,362560
618,Care,Mateja,cmatejah5@redcross.org,France,648633
619,Jeramey,Guerrieri,jguerrierih6@hao123.com,Sweden,818895
620,Duke,Sherewood,dsherewoodh7@blogtalkradio.com,France,251176
621,Chloe,Haeslier,chaeslierh8@answers.com,Germany,681562
622,Chilton,Kidsley,ckidsleyh9@weather.com,France,109650
623,Kris,Shirt,kshirtha@ox.ac.uk,Portugal,850456
624,Lynde,Bushaway,lbushawayhb@nih.gov,France,588632
625,Aubrey,Micco,amiccohc@ezinearticles.com,France,935541
626,Bernardo,Siley,bsileyhd@nps.gov,Sweden,586465
627,Paulie,Merrigan,pmerriganhe@stanford.edu,Portugal,883172
628,Demetrius,Tomisch,dtomischhf@spotify.com,Portugal,861605
629,Abbot,Staziker,astazikerhg@example.com,Portugal,995959
630,Renado,Delgado,rdelgadohh@google.ca,Sweden,191046
631,Selena,Scouse,sscousehi@abc.net.au,Spain,225319
632,Harli,Burth,hburthhj@comsenz.com,United Kingdom,85445
633,Ruthann,Veazey,rveazeyhk@miibeian.gov.cn,Portugal,163051
634,Kathleen,Aloway,kalowayhl@cdc.gov,France,269932
635,William,Sterzaker,wsterzakerhm@comsenz.com,Portugal,18609
636,Rosalia,Ninnis,rninnishn@cocolog-nifty.com,Germany,708095
637,Kaleb,Copley,kcopleyho@ask.com,Sweden,240584
638,Rafi,Bambrugh,rbambrughhp@networksolutions.com,France,647352
639,Frederigo,Colleton,fcolletonhq@privacy.gov.au,Portugal,619194
640,Kelcey,Fenimore,kfenimorehr@nih.gov,Portugal,550337
641,Taber,Arnley,tarnleyhs@baidu.com,Sweden,296095
642,Newton,Iskow,niskowht@jalbum.net,France,251166
643,Wynn,Blaydon,wblaydonhu@whitehouse.gov,France,122202
644,Rickey,Anning,ranninghv@usgs.gov,Sweden,348944
645,Yolande,Baudrey,ybaudreyhw@qq.com,France,824336
646,Anastasia,Banke,abankehx@slashdot.org,Portugal,286712
647,Gunner,Bagnold,gbagnoldhy@smh.com.au,Sweden,892526
648,Owen,Bergeon,obergeonhz@storify.com,Italy,790245
649,Omar,McGing,omcgingi0@patch.com,France,897234
650,Drona,Felten,dfelteni1@seattletimes.com,Portugal,401357
651,Tore,Biasotti,tbiasottii2@scribd.com,Sweden,558086
652,Marylee,Bingall,mbingalli3@jiathis.com,France,242560
653,Janek,Axelby,jaxelbyi4@linkedin.com,France,303696
654,Granthem,Maddern,gmadderni5@cisco.com,France,919067
655,Murray,Nickerson,mnickersoni6@51.la,Sweden,962207
656,Beau,Deinert,bdeinerti7@behance.net,Portugal,296662
657,Carlynn,Trett,ctretti8@bloomberg.com,Spain,486551
658,Gert,Dudman,gdudmani9@dell.com,Portugal,532371
659,Zebulen,Edmons,zedmonsia@bbb.org,France,728635
660,Sianna,Tossell,stossellib@mtv.com,Germany,279596
661,Madelaine,Fierman,mfiermanic@github.io,France,187073
662,Norine,Lampert,nlampertid@sina.com.cn,Sweden,708401
663,Jodi,Gentner,jgentnerie@ebay.co.uk,Sweden,221942
664,Neysa,Brydon,nbrydonif@xrea.com,Portugal,165091
665,Felix,Andriolli,fandriolliig@meetup.com,Italy,263209
666,Brier,Boorne,bboorneih@bing.com,France,625090
667,Lanie,Asman,lasmanii@smh.com.au,France,997506
668,Zandra,Macklam,zmacklamij@princeton.edu,France,177968
669,Karen,Whiskerd,kwhiskerdik@livejournal.com,Sweden,677753
670,Wheeler,Ruben,wrubenil@geocities.jp,Sweden,828427
671,Birdie,Friar,bfriarim@reference.com,France,685735
672,Elie,Effemy,eeffemyin@hostgator.com,Portugal,218467
673,Chalmers,Whitland,cwhitlandio@fema.gov,Portugal,375628
674,Charmain,Curneen,ccurneenip@spotify.com,Portugal,123961
675,Shem,Hadye,shadyeiq@seesaa.net,United Kingdom,534564
676,Pierce,Scamwell,pscamwellir@51.la,Portugal,60025
677,Marcos,Aspinall,maspinallis@flickr.com,Sweden,163848
678,Perkin,Jones,pjonesit@digg.com,Spain,294394
679,Berti,Sheward,bshewardiu@t-online.de,Italy,693248
680,Shannon,Jaskiewicz,sjaskiewicziv@51.la,Sweden,465784
681,Verine,Geyton,vgeytoniw@redcross.org,Portugal,500188
682,Jayne,Lathaye,jlathayeix@fda.gov,France,662983
683,Kennett,McDaid,kmcdaidiy@newsvine.com,Sweden,703174
684,Raff,Assard,rassardiz@hp.com,France,751228
685,Lucinda,Sleigh,lsleighj0@uol.com.br,Portugal,248543
686,Phyllis,Bowerman,pbowermanj1@nhs.uk,Sweden,399628
687,Victoria,Rosenstiel,vrosenstielj2@buzzfeed.com,Sweden,440638
688,Tymothy,Harkins,tharkinsj3@sitemeter.com,Germany,797649
689,Anastasie,Tarbard,atarbardj4@last.fm,Spain,33570
690,Josselyn,Lording,jlordingj5@adobe.com,France,404018
691,Beret,Valente,bvalentej6@pagesperso-orange.fr,Portugal,418955
692,Farlee,Cleobury,fcleoburyj7@privacy.gov.au,France,534628
693,See,Kuzemka,skuzemkaj8@google.ca,Sweden,379696
694,Ashleigh,Caren,acarenj9@sourceforge.net,France,105836
695,Aubry,Lenard,alenardja@mit.edu,Sweden,699631
696,Brannon,Sparkwill,bsparkwilljb@spotify.com,Sweden,407356
697,Angie,Henbury,ahenburyjc@nifty.com,France,841355
698,Feodora,Lober,floberjd@si.edu,France,130849
699,Carlo,Breitler,cbreitlerje@slate.com,Sweden,643316
700,Debra,Owbridge,dowbridgejf@columbia.edu,France,662364
701,Jenna,Barti,jbartijg@java.com,Sweden,84757
702,Dar,Gillebride,dgillebridejh@senate.gov,Portugal,324465
703,Noell,Tilling,ntillingji@wired.com,Portugal,
704,Steve,Crewes,screwesjj@infoseek.co.jp,Portugal,674633
705,Stanislaus,Pingstone,spingstonejk@samsung.com,United Kingdom,465775
706,Skyler,Ringrose,sringrosejl@dot.gov,Germany,150773
707,Correy,Summersby,csummersbyjm@imageshack.us,Sweden,483702
708,Cory,Pentercost,cpentercostjn@discovery.com,Portugal,204756
709,Brunhilda,Sharrard,bsharrardjo@icio.us,Portugal,472013
710,Petrina,Machel,pmacheljp@amazon.com,France,326909
711,Berti,Drogan,bdroganjq@chicagotribune.com,France,593066
712,Sorcha,Mathiot,smathiotjr@vk.com,France,272045
713,Adolpho,Czyz,aczyzjs@amazon.com,France,78612
714,Fanchon,Duckhouse,fduckhousejt@cbc.ca,France,342686
715,Alica,Gairdner,agairdnerju@eepurl.com,France,889623
716,Sibel,Canby,scanbyjv@tumblr.com,France,199155
717,Anissa,Freda,afredajw@alibaba.com,France,668198
718,Anastassia,Freckelton,afreckeltonjx@bandcamp.com,Portugal,486
719,Ronni,Fraanchyonok,rfraanchyonokjy@twitpic.com,Portugal,378847
720,Shaine,Covil,scoviljz@ed.gov,France,199332
721,Malanie,Bigg,mbiggk0@sbwire.com,Portugal,635708
722,Maxwell,Philott,mphilottk1@tiny.cc,Portugal,842804
723,Giavani,Scamadin,gscamadink2@usgs.gov,Sweden,79808
724,Noemi,Stallibrass,nstallibrassk3@vistaprint.com,France,712398
725,Amye,Ourry,aourryk4@csmonitor.com,Sweden,331065
726,Ali,Reeken,areekenk5@trellian.com,France,625999
727,Alene,Timlett,atimlettk6@people.com.cn,Germany,235812
728,Paolina,Claw,pclawk7@desdev.cn,France,
729,Niles,Russell,nrussellk8@rakuten.co.jp,France,716183
730,Demetri,Robiot,drobiotk9@1688.com,Sweden,646182
731,Jorie,Verne,jverneka@narod.ru,Sweden,978758
732,Alie,Haverson,ahaversonkb@who.int,Portugal,760901
733,Danell,Lacer,dlacerkc@ebay.co.uk,Portugal,11653
734,Leonhard,Connar,lconnarkd@goo.gl,Portugal,511549
735,Clim,Jaze,cjazeke@1688.com,Sweden,866374
736,Lenette,de Broke,ldebrokekf@omniture.com,Sweden,472722
737,Gabriel,Robez,grobezkg@vk.com,Portugal,148374
738,Hildy,Rudolfer,hrudolferkh@typepad.com,Sweden,214330
739,Zena,Sulland,zsullandki@businessinsider.com,Portugal,310574
740,Allissa,Benech,abenechkj@hibu.com,Sweden,241172
741,Fidole,Pingston,fpingstonkk@opensource.org,Portugal,643848
742,Ferdie,Dauber,fdauberkl@cornell.edu,France,150712
743,Sigfried,Rens,srenskm@weebly.com,Portugal,248038
744,Iorgo,Cree,icreekn@google.com,France,117633
745,Marcos,Aries,mariesko@drupal.org,France,805951
746,Thomasina,Hendrikse,thendriksekp@bloglines.com,Portugal,439720
747,Correy,Donat,cdonatkq@telegraph.co.uk,Sweden,450271
748,Devina,Scolland,dscollandkr@un.org,France,280559
749,Hermione,Jagoe,hjagoeks@photobucket.com,Portugal,33398
750,Pierre,Ingliss,pinglisskt@biglobe.ne.jp,France,695850
751,Tabb,O'Hannay,tohannayku@com.com,Portugal,367044
752,Rosalind,Gwillim,rgwillimkv@omniture.com,Portugal,929698
753,Ennis,Baynton,ebayntonkw@senate.gov,France,28822
754,Opalina,Jann,ojannkx@phpbb.com,Sweden,224486
755,Bekki,Spong,bspongky@gnu.org,France,737939
756,Gustavo,Fleetwood,gfleetwoodkz@wsj.com,Portugal,877395
757,Vicki,Saltmarshe,vsaltmarshel0@businessweek.com,France,343604
758,Gonzales,Pratten,gprattenl1@skyrock.com,France,724378
759,Chicky,Tesmond,ctesmondl2@berkeley.edu,France,618753
760,Kristen,Olney,kolneyl3@princeton.edu,Portugal,13936
761,Thomas,Stonuary,tstonuaryl4@cafepress.com,Portugal,284862
762,Gloriane,Dimmne,gdimmnel5@yahoo.com,Portugal,272583
763,Reggis,Ismead,rismeadl6@alibaba.com,France,288618
764,Renard,Pointer,rpointerl7@myspace.com,Sweden,498129
765,Lu,Nutting,lnuttingl8@shutterfly.com,Sweden,751556
766,Obadiah,Shotboulte,oshotboultel9@baidu.com,Portugal,488836
767,Jobi,Vieyra,jvieyrala@lycos.com,Portugal,4776
768,Lock,Weaver,lweaverlb@ftc.gov,France,473476
769,Bernelle,Daily,bdailylc@a8.net,Portugal,840139
770,Sandra,Rubinek,srubinekld@flavors.me,France,16874
771,Shaylyn,Baradel,sbaradelle@mapy.cz,Sweden,429297
772,Chrystel,Leggan,clegganlf@reverbnation.com,Sweden,860612
773,Ranee,Leynagh,rleynaghlg@answers.com,Spain,555354
774,Amory,Hanster,ahansterlh@furl.net,Sweden,704719
775,Tracie,Emslie,temslieli@wsj.com,Sweden,990869
776,Marchelle,Llop,mlloplj@weibo.com,Portugal,767913
777,Ashlen,Duferie,aduferielk@blogspot.com,Portugal,505403
778,Herc,Bartlosz,hbartloszll@eepurl.com,Sweden,935470
779,Adeline,Coomber,acoomberlm@aol.com,Sweden,682857
780,Moore,Leisk,mleiskln@si.edu,Portugal,988468
781,Sapphira,Tourner,stournerlo@nsw.gov.au,Portugal,53080
782,Zulema,Cicculini,zcicculinilp@goodreads.com,France,605165
783,Fredi,Carrel,fcarrellq@state.tx.us,Portugal,85622
784,Isac,Maclaine,imaclainelr@webeden.co.uk,Portugal,667466
785,Dionysus,Stainton - Skinn,dstaintonskinnls@nifty.com,Portugal,985221
786,Ellis,Romanelli,eromanellilt@kickstarter.com,Sweden,145495
787,Ralph,Parell,rparelllu@mail.ru,Portugal,64299
788,Kaitlynn,Swate,kswatelv@wordpress.com,Sweden,600173
789,Baxter,Foli,bfolilw@salon.com,France,61905
790,Robina,Cotillard,rcotillardlx@sitemeter.com,Portugal,639607
791,Corenda,Newbatt,cnewbattly@blinklist.com,Germany,49171
792,Oralle,Kirsop,okirsoplz@newyorker.com,Portugal,882236
793,Leelah,Benyon,lbenyonm0@pcworld.com,Sweden,935639
794,Dierdre,Streeten,dstreetenm1@globo.com,Portugal,77269
795,Natal,Josofovitz,njosofovitzm2@amazon.co.jp,Sweden,973475
796,Helaine,Cottell,hcottellm3@ucsd.edu,Sweden,935142
797,Borg,Littlewood,blittlewoodm4@nytimes.com,Sweden,717929
798,Richie,Creswell,rcreswellm5@usa.gov,Portugal,984082
799,Colas,Groucutt,cgroucuttm6@kickstarter.com,Germany,758253
800,Laurie,Langsdon,llangsdonm7@yandex.ru,Portugal,542026
801,Lona,Ottam,lottamm8@ucsd.edu,France,404497
802,Rosene,Anglim,ranglimm9@purevolume.com,Italy,856681
803,Darell,Pressman,dpressmanma@multiply.com,Sweden,442332
804,Jayne,Kiebes,jkiebesmb@rakuten.co.jp,Portugal,896409
805,Pet,Goricke,pgorickemc@gizmodo.com,Portugal,539406
806,Suzanna,Ludovico,sludovicomd@bluehost.com,United Kingdom,727192
807,Rosanna,Hawkslee,rhawksleeme@go.com,Sweden,978486
808,Marney,Antonognoli,mantonognolimf@nytimes.com,Portugal,895297
809,Ina,Stothart,istothartmg@histats.com,Portugal,988669
810,Clio,Muckle,cmucklemh@ucla.edu,Portugal,449714
811,Adlai,Renwick,arenwickmi@java.com,France,
812,Deidre,McCullouch,dmccullouchmj@amazon.co.jp,France,407328
813,Dyane,Lessmare,dlessmaremk@about.com,France,461535
814,Ramsay,Skillen,rskillenml@sina.com.cn,Portugal,563289
815,Paquito,Tomasi,ptomasimm@msn.com,Portugal,913228
816,Ronny,Bachura,rbachuramn@shutterfly.com,France,327924
817,Alfreda,Morphew,amorphewmo@indiatimes.com,Portugal,964377
818,Karisa,Sutherden,ksutherdenmp@dion.ne.jp,Sweden,963109
819,Cornela,Woolvin,cwoolvinmq@sina.com.cn,Sweden,599814
820,Ulises,Ondrousek,uondrousekmr@hugedomains.com,France,451681
821,Alissa,Caverhill,acaverhillms@cnet.com,Portugal,829428
822,Egon,Mushet,emushetmt@imdb.com,Portugal,520755
823,Gilbertina,Hansard,ghansardmu@usgs.gov,United Kingdom,563397
824,Boone,Dorman,bdormanmv@intel.com,France,701979
825,Emelda,Downse,edownsemw@noaa.gov,Portugal,235054
826,Gerald,Hassent,ghassentmx@wordpress.com,Portugal,923656
827,Rutledge,Hirthe,rhirthemy@rakuten.co.jp,Portugal,271611
828,Maribelle,Pirri,mpirrimz@e-recht24.de,France,56067
829,Angelico,Glowinski,aglowinskin0@flickr.com,France,105513
830,Teador,Amery,tameryn1@google.com.au,Sweden,548918
831,Garrik,Comoletti,gcomolettin2@chronoengine.com,Sweden,696688
832,Charlena,Jull,cjulln3@redcross.org,Sweden,862119
833,Irvin,Barrowclough,ibarrowcloughn4@deviantart.com,Portugal,183195
834,Dave,Feek,dfeekn5@amazon.com,Portugal,690526
835,Harriet,Garn,hgarnn6@dot.gov,Portugal,780742
836,Shanan,Barringer,sbarringern7@twitpic.com,France,693452
837,Meier,Penkman,mpenkmann8@unesco.org,France,331037
838,Shayne,Thorley,sthorleyn9@is.gd,Sweden,499775
839,Sibeal,Ashpole,sashpolena@craigslist.org,Portugal,267852
840,Alvis,Showl,ashowlnb@samsung.com,Portugal,340253
841,Bendicty,Mearing,bmearingnc@g.co,France,845949
842,Leilah,Vasyatkin,lvasyatkinnd@reuters.com,France,243869
843,Fransisco,Amber,famberne@sphinn.com,Spain,647302
844,Arluene,Whittington,awhittingtonnf@people.com.cn,Portugal,613066
845,Raff,Tyler,rtylerng@printfriendly.com,Sweden,838674
846,Kata,Mollon,kmollonnh@spotify.com,Portugal,269228
847,Flor,Borland,fborlandni@nps.gov,Sweden,845086
848,Gerrilee,Coniff,gconiffnj@over-blog.com,Sweden,444973
849,Basile,Suffield,bsuffieldnk@reverbnation.com,Portugal,433037
850,Demetria,Colqueran,dcolquerannl@elegantthemes.com,Portugal,692057
851,Benedikta,Claire,bclairenm@imgur.com,France,273613
852,Jesselyn,Piner,jpinernn@apache.org,France,707977
853,Ingamar,Luxton,iluxtonno@dropbox.com,France,773818
854,Aaren,Jepp,ajeppnp@blog.com,Italy,672538
855,Ellis,Seger,esegernq@de.vu,France,648841
856,Vaughan,Lindermann,vlindermannnr@wired.com,Portugal,320046
857,Evelina,Grigorey,egrigoreyns@marriott.com,Portugal,876508
858,Nalani,Attwater,nattwaternt@goo.ne.jp,France,16615
859,Didi,Ducket,dducketnu@blogger.com,France,662613
860,Carlye,Bawden,cbawdennv@aol.com,Portugal,212323
861,Claudianus,Cayser,ccaysernw@ezinearticles.com,Sweden,374855
862,Kirsten,Strange,kstrangenx@ustream.tv,Sweden,329476
863,Ag,Mc Cahey,amccaheyny@walmart.com,France,728133
864,Elysha,Hammonds,ehammondsnz@globo.com,Portugal,
865,Nicko,Edgell,nedgello0@hugedomains.com,Portugal,620971
866,Anissa,Skelington,askelingtono1@google.co.jp,France,40431
867,Iosep,Gourley,igourleyo2@canalblog.com,France,46493
868,Wendall,Littrell,wlittrello3@google.fr,Portugal,123476
869,Corry,Bayston,cbaystono4@bandcamp.com,Germany,628416
870,Husain,Botting,hbottingo5@exblog.jp,France,927054
871,Rosmunda,Jovey,rjoveyo6@shareasale.com,France,794293
872,Lonnie,Spurrier,lspurriero7@technorati.com,Portugal,927864
873,Mellisa,Baulch,mbaulcho8@columbia.edu,Sweden,902409
874,Scott,Hartington,shartingtono9@businessinsider.com,France,490806
875,Ingeberg,Ickovici,iickovicioa@blogs.com,Sweden,688493
876,Ignacius,Rigler,iriglerob@devhub.com,Sweden,550361
877,Celeste,Picot,cpicotoc@theatlantic.com,Sweden,223413
878,Dosi,Gwyn,dgwynod@chron.com,Portugal,91074
879,Theadora,Pickton,tpicktonoe@list-manage.com,Portugal,398875
880,Cassi,Bawme,cbawmeof@bandcamp.com,Sweden,622796
881,Maryjo,Gerardi,mgerardiog@pinterest.com,Spain,619620
882,Enrika,Dradey,edradeyoh@adobe.com,Portugal,646595
883,Roshelle,Loos,rloosoi@unblog.fr,Portugal,594126
884,Jyoti,Fowls,jfowlsoj@baidu.com,Sweden,20684
885,Joell,Westmoreland,jwestmorelandok@geocities.com,France,721001
886,Hermy,Titterrell,htitterrellol@nhs.uk,Sweden,843030
887,Graeme,Duckett,gduckettom@hibu.com,Portugal,734272
888,Jemimah,Lythgoe,jlythgoeon@paginegialle.it,Sweden,364747
889,Mirna,McMichael,mmcmichaeloo@acquirethisname.com,Sweden,904646
890,Carrissa,Linden,clindenop@constantcontact.com,Portugal,300335
891,Evan,Brandom,ebrandomoq@clickbank.net,France,268488
892,Ardath,Standingford,astandingfordor@marketwatch.com,Sweden,541483
893,Ike,Burnhard,iburnhardos@fotki.com,Sweden,884153
894,Angelique,MacMeeking,amacmeekingot@accuweather.com,Portugal,883634
895,Rollie,Vahl,rvahlou@uiuc.edu,France,445697
896,Biddie,Brine,bbrineov@ezinearticles.com,France,612027
897,Jed,Enriques,jenriquesow@howstuffworks.com,France,803858
898,Matt,Peskett,mpeskettox@woothemes.com,Portugal,721583
899,Marieann,Caron,mcaronoy@smugmug.com,Sweden,290532
900,Hercules,Stones,hstonesoz@istockphoto.com,France,545926
901,Chandler,Brugger,cbruggerp0@com.com,Sweden,229585
902,Dorene,Udell,dudellp1@shinystat.com,France,193307
903,Florance,Baudin,fbaudinp2@freewebs.com,Portugal,642949
904,Flemming,Camp,fcampp3@gravatar.com,Portugal,275355
905,Sybila,Jakolevitch,sjakolevitchp4@com.com,Portugal,71796
906,Roddie,Millam,rmillamp5@bigcartel.com,Sweden,665412
907,Dorian,Kentish,dkentishp6@gnu.org,Sweden,838627
908,Vickie,Pinniger,vpinnigerp7@desdev.cn,France,
909,Dayna,Horney,dhorneyp8@sakura.ne.jp,Sweden,862742
910,Lyndsey,Tye,ltyep9@quantcast.com,Sweden,844840
911,Ingmar,Cicetti,icicettipa@scientificamerican.com,Portugal,750280
912,Janean,Weitzel,jweitzelpb@pbs.org,Sweden,10114
913,Germayne,Couronne,gcouronnepc@blinklist.com,France,969900
914,Joella,Waistall,jwaistallpd@mapy.cz,Portugal,997097
915,Vivien,Bertenshaw,vbertenshawpe@intel.com,Portugal,346773
916,Jeth,Lillgard,jlillgardpf@clickbank.net,Portugal,849352
917,Vin,Barenskie,vbarenskiepg@unesco.org,France,22684
918,Anissa,Lett,alettph@de.vu,Spain,172864
919,Tedd,Tunkin,ttunkinpi@cnbc.com,France,436747
920,Craig,Smoughton,csmoughtonpj@icio.us,Portugal,577114
921,Kipp,Walles,kwallespk@fema.gov,Germany,767569
922,Gilbert,Kubelka,gkubelkapl@trellian.com,France,315818
923,Alayne,Sammut,asammutpm@baidu.com,Germany,88421
924,Alane,Samsworth,asamsworthpn@washington.edu,France,671579
925,Celinda,Wood,cwoodpo@webs.com,Portugal,517617
926,Chloris,Slocomb,cslocombpp@earthlink.net,,787388
927,Janelle,Cluderay,jcluderaypq@ox.ac.uk,Portugal,271514
928,Pierre,Paddison,ppaddisonpr@shop-pro.jp,Spain,624407
929,Arlen,Purton,apurtonps@weibo.com,Sweden,939578
930,Cleavland,Cuttell,ccuttellpt@nytimes.com,France,820696
931,Tess,Lockart,tlockartpu@uol.com.br,Sweden,109239
932,Cornall,Vanelli,cvanellipv@arstechnica.com,Sweden,870846
933,Meara,Aire,mairepw@tinyurl.com,Sweden,794458
934,Darcie,Simmgen,dsimmgenpx@senate.gov,France,972698
935,Terza,Fulton,tfultonpy@smh.com.au,Portugal,455626
936,Gilda,Ellett,gellettpz@nasa.gov,Portugal,535134
937,Heidi,Bruno,hbrunoq0@oakley.com,Portugal,15524
938,Bevin,Stonehewer,bstonehewerq1@blogs.com,Germany,617229
939,Muhammad,Possel,mposselq2@soup.io,,964750
940,Herrick,Pietruschka,hpietruschkaq3@people.com.cn,France,685912
941,Morgan,Betteson,mbettesonq4@fda.gov,Spain,651077
942,Neils,Frape,nfrapeq5@webs.com,France,590827
943,Emily,Musto,emustoq6@bbb.org,France,367714
944,Javier,Berrington,jberringtonq7@woothemes.com,Portugal,237309
945,Maximilien,Gough,mgoughq8@dyndns.org,Spain,868334
946,Arnoldo,Hammond,ahammondq9@de.vu,Sweden,947936
947,Cyb,Dransfield,cdransfieldqa@xrea.com,Portugal,76803
948,Oona,Lazare,olazareqb@bbc.co.uk,Portugal,305352
949,Mitchell,Rathjen,mrathjenqc@addthis.com,Germany,885339
950,Meggy,Shewery,msheweryqd@weibo.com,Portugal,15597
951,Rouvin,Merriday,rmerridayqe@narod.ru,France,732323
952,Vivienne,Peery,vpeeryqf@a8.net,Portugal,393132
953,Christan,Dabes,cdabesqg@craigslist.org,France,536051
954,Edlin,Danilchev,edanilchevqh@guardian.co.uk,France,624172
955,Lidia,Faber,lfaberqi@intel.com,France,746281
956,Gardie,Baggaley,gbaggaleyqj@wikispaces.com,Portugal,306384
957,Ileana,Taveriner,itaverinerqk@blogger.com,Sweden,656301
958,Kip,Mowen,kmowenql@icq.com,Sweden,421314
959,Krispin,Hegden,khegdenqm@parallels.com,Portugal,876101
960,Alasdair,Pobjay,apobjayqn@mapquest.com,Sweden,54136
961,Sheelah,Luipold,sluipoldqo@wsj.com,Sweden,6564
962,Ileane,Broadis,ibroadisqp@home.pl,,428255
963,Noreen,Buddock,nbuddockqq@nationalgeographic.com,Sweden,138726
964,Selene,Blancowe,sblancoweqr@mtv.com,France,388970
965,Skippy,Huikerby,shuikerbyqs@live.com,Portugal,88533
966,Pavel,Bikker,pbikkerqt@cnet.com,Sweden,920655
967,Gianna,Cracie,gcraciequ@ucsd.edu,Sweden,463416
968,Richart,Witham,rwithamqv@senate.gov,Portugal,
969,Babara,Napper,bnapperqw@jalbum.net,Sweden,733864
970,Kimberley,Rhys,krhysqx@foxnews.com,Sweden,335001
971,Brucie,Greensides,bgreensidesqy@behance.net,France,157658
972,Nerty,Stanyforth,nstanyforthqz@discuz.net,Portugal,526763
973,Ermentrude,Ferreiro,eferreiror0@freewebs.com,Sweden,89862
974,Doralynne,Van Der Weedenburg,dvanderweedenburgr1@lycos.com,Portugal,787197
975,Alonzo,Old,aoldr2@miitbeian.gov.cn,,967771
976,Joyce,Whimper,jwhimperr3@techcrunch.com,Italy,493360
977,Nat,Bexon,nbexonr4@gizmodo.com,Portugal,344697
978,Jarid,Skill,jskillr5@redcross.org,United Kingdom,201914
979,Lexy,Eggins,legginsr6@shinystat.com,Portugal,170291
980,Hilliary,Ever,heverr7@privacy.gov.au,Sweden,405731
981,Blake,Luigi,bluigir8@dmoz.org,Sweden,556222
982,Zolly,Blount,zblountr9@theglobeandmail.com,Portugal,284176
983,Carlyn,Jakubowsky,cjakubowskyra@mtv.com,Italy,173839
984,Amitie,Tzarkov,atzarkovrb@ucoz.com,Sweden,589201
985,Clerkclaude,Rackstraw,crackstrawrc@elpais.com,Portugal,818666
986,Skelly,Skim,sskimrd@ucoz.ru,France,141055
987,Estrellita,Hannaford,ehannafordre@scientificamerican.com,Sweden,511096
988,Melina,Langdridge,mlangdridgerf@google.com.hk,Portugal,26270
989,Ignatius,Joincey,ijoinceyrg@networksolutions.com,Portugal,742341
990,Jaclyn,Esel,jeselrh@washingtonpost.com,Spain,473281
991,Brena,Lilley,blilleyri@ezinearticles.com,Portugal,241123
992,Hildegaard,Reeder,hreederrj@youtu.be,,171812
993,Kerwinn,Ruddoch,kruddochrk@github.com,Portugal,836173
994,Thaxter,Imlach,timlachrl@cnet.com,Portugal,597207
995,Lavinia,Botright,lbotrightrm@icq.com,Sweden,357340
996,Kerwinn,Gorrissen,kgorrissenrn@pinterest.com,Sweden,222175
997,Marco,Myderscough,mmyderscoughro@timesonline.co.uk,Sweden,867945
998,Doria,Thomassin,dthomassinrp@guardian.co.uk,France,
999,Marquita,Croasdale,mcroasdalerq@fema.gov,United Kingdom,475694
1000,Gonzalo,Bilney,gbilneyrr@tuttocitta.it,Portugal,749628
